epoch,train_loss,val_loss,train_acc_exit0,train_acc_exit1,train_acc_exit2,train_acc_exit3,val_acc_exit0,val_acc_exit1,val_acc_exit2,val_acc_exit3,lr
1,31.4520,15.5065,5.82,5.30,5.19,4.95,8.74,10.44,9.92,10.34,0.099994
2,27.6417,14.4375,11.71,12.89,12.48,12.36,11.84,14.74,14.24,15.14,0.099975
3,24.6109,12.7276,17.85,20.36,20.18,20.35,16.84,22.64,23.82,23.82,0.099944
4,21.4820,12.7030,24.62,28.44,28.82,29.28,18.46,27.72,28.60,28.76,0.099901
5,19.5085,11.9951,29.08,34.62,34.62,35.16,24.80,26.68,30.04,31.22,0.099846
6,18.1532,13.1182,32.37,38.75,38.69,39.03,24.48,29.24,28.78,29.48,0.099778
7,17.1308,10.1195,35.21,42.13,42.31,42.27,27.30,37.38,37.68,38.16,0.099698
8,16.4440,10.2223,37.08,44.06,44.18,44.64,26.30,35.42,38.86,38.60,0.099606
9,15.8587,11.5131,39.07,46.22,46.44,46.33,25.06,33.72,39.48,39.86,0.099501
10,15.3801,10.3540,40.07,47.61,48.25,48.20,29.88,35.70,38.04,38.54,0.099384
11,14.9885,9.8032,41.20,48.79,49.28,49.29,33.38,39.52,43.32,42.76,0.099255
12,14.6458,9.7494,42.06,49.88,50.37,50.63,33.30,41.66,41.32,41.04,0.099114
13,14.3613,9.2736,42.80,50.99,51.78,51.57,36.10,42.28,45.54,45.80,0.098961
14,14.0359,9.6334,43.77,51.97,52.64,52.62,31.44,39.82,42.30,42.46,0.098796
15,13.8071,12.9189,44.58,52.90,53.36,53.19,24.10,35.32,31.32,32.70,0.098618
16,13.6076,9.7729,45.25,53.30,54.12,53.99,28.92,40.02,46.66,46.06,0.098429
17,13.3909,10.5823,45.64,54.24,55.13,54.77,29.28,38.40,43.34,43.04,0.098228
18,13.3032,9.7918,46.19,54.40,55.42,55.28,29.98,41.10,46.00,44.46,0.098015
19,13.2114,12.5669,46.37,54.89,55.68,55.60,19.28,31.88,39.78,40.32,0.097790
20,13.0165,9.6907,47.10,55.51,56.47,56.14,32.54,42.98,47.18,47.20,0.097553
21,12.8936,9.2611,47.29,55.94,56.88,56.79,31.08,44.06,47.30,47.66,0.097304
22,12.7713,8.2542,47.58,56.60,56.86,57.12,37.76,47.30,50.80,50.06,0.097044
23,12.6277,9.1188,48.03,56.81,57.74,57.49,31.42,44.82,49.72,49.16,0.096772
24,12.5477,12.4688,48.76,57.10,58.03,57.90,23.74,39.62,40.14,41.86,0.096489
25,12.5044,10.4939,48.42,57.12,58.08,57.86,26.10,42.48,46.22,45.98,0.096194
26,12.4174,9.4520,48.70,57.39,58.41,58.21,32.88,43.56,47.38,48.66,0.095888
27,12.3401,10.9788,48.88,57.74,58.56,58.50,27.04,44.90,42.52,43.84,0.095570
28,12.2163,11.3769,49.56,58.15,59.14,58.94,26.60,34.72,40.88,41.08,0.095241
29,12.2120,8.1803,49.53,58.22,59.24,59.35,41.70,45.24,51.40,51.22,0.094901
30,12.0810,11.1248,49.85,58.79,59.80,59.44,30.86,38.74,44.00,44.22,0.094550
31,12.0400,9.3364,49.59,58.97,59.97,60.03,35.06,44.98,46.68,47.20,0.094188
32,12.0106,9.3776,49.99,58.62,59.93,60.06,34.88,42.32,46.98,46.86,0.093815
33,11.9558,9.2492,50.10,58.96,59.92,60.09,33.38,48.92,48.16,48.08,0.093432
34,11.9068,11.1061,50.30,59.10,60.31,60.16,30.42,40.00,41.30,40.62,0.093037
35,11.8445,8.9767,50.62,59.32,60.60,60.22,30.42,45.30,52.58,52.46,0.092632
36,11.7837,10.4440,50.59,59.56,61.11,60.70,27.32,42.20,46.72,46.68,0.092216
37,11.7846,9.2415,50.86,59.56,60.86,60.86,33.02,45.12,48.40,47.50,0.091790
38,11.6774,9.0819,51.32,60.09,61.12,61.07,37.60,42.24,47.38,47.88,0.091354
39,11.6620,10.7845,50.98,59.90,61.39,61.35,30.98,40.72,41.06,41.58,0.090907
40,11.5883,7.8740,51.65,60.18,61.75,61.81,40.82,48.66,55.20,53.28,0.090451
41,11.5870,8.1885,51.22,60.27,61.68,61.30,40.44,48.12,51.16,50.92,0.089984
42,11.4896,9.4051,51.87,60.58,61.75,61.87,31.38,44.32,45.94,47.30,0.089508
43,11.4969,8.9874,51.72,60.66,61.96,61.59,33.44,45.90,48.96,48.06,0.089022
44,11.4106,10.6783,52.00,60.84,62.21,61.93,30.42,41.46,47.56,47.72,0.088526
45,11.3627,10.8211,52.34,60.66,62.18,61.88,34.60,38.48,40.52,40.64,0.088020
46,11.4414,9.4915,51.74,60.73,62.24,62.07,32.82,47.74,48.06,48.68,0.087506
47,11.2806,7.8182,52.50,61.25,62.68,62.60,41.34,47.14,54.80,54.14,0.086982
48,11.2935,11.4015,52.17,61.32,62.54,62.52,32.60,39.44,41.46,41.12,0.086448
49,11.2529,8.6581,52.68,61.38,63.11,62.84,39.68,45.94,48.48,47.80,0.085906
50,11.2208,20.2442,52.77,61.36,62.90,62.88,17.84,23.44,25.20,25.22,0.085355
51,11.1575,10.3932,52.70,61.28,63.15,63.05,35.12,38.34,45.46,45.08,0.084796
52,11.0918,9.1150,53.00,61.70,63.48,63.43,39.24,42.90,48.02,48.34,0.084227
53,11.1318,9.7278,52.98,61.74,63.52,63.18,35.16,40.08,46.76,45.06,0.083651
54,11.0183,9.9309,53.24,61.57,63.66,63.71,29.62,40.68,45.10,44.70,0.083066
55,11.0837,8.9887,52.92,61.73,63.70,63.50,33.16,50.66,53.80,54.20,0.082472
56,10.9881,8.8981,53.24,61.88,63.91,63.98,33.76,46.06,48.80,48.32,0.081871
57,10.9578,8.9098,53.52,62.06,63.92,63.66,37.96,46.24,50.74,50.12,0.081262
58,10.9212,8.2691,53.77,62.34,64.04,63.74,37.78,48.22,52.06,51.26,0.080645
59,10.8871,9.9678,53.39,62.38,64.19,64.13,32.80,43.66,47.08,47.74,0.080021
60,10.8459,8.9860,53.62,62.59,64.45,64.63,37.36,44.56,50.86,50.38,0.079389
61,7.5454,9.1019,56.90,65.18,66.70,66.16,36.16,47.58,51.66,50.94,0.078750
62,7.6595,9.3131,56.32,64.78,66.17,65.74,39.82,47.60,45.80,44.76,0.078104
63,7.7488,8.9090,55.50,64.43,66.24,65.88,39.28,46.28,48.26,49.20,0.077451
64,7.8300,8.9971,55.30,63.87,65.92,65.71,40.04,48.14,49.50,48.96,0.076791
65,7.8321,8.4022,54.81,64.19,66.13,65.96,39.34,48.20,51.86,52.66,0.076125
66,7.8700,9.1112,54.86,63.86,65.81,65.70,35.86,44.64,50.10,49.20,0.075452
67,7.8625,7.6928,54.74,63.63,66.02,65.74,40.88,51.90,55.42,55.86,0.074773
68,7.8689,8.3924,54.52,63.89,65.96,65.95,37.96,49.16,50.54,50.78,0.074088
69,7.9036,9.5280,54.53,63.58,65.76,65.62,33.22,49.70,51.22,51.02,0.073396
70,7.8242,9.3337,54.63,64.03,66.22,66.38,37.08,43.34,49.38,49.16,0.072700
71,7.8618,8.3786,54.30,63.97,65.94,65.93,40.34,49.78,53.24,53.40,0.071997
72,7.8195,8.4365,54.74,64.08,66.56,66.35,37.28,47.02,51.78,51.50,0.071289
73,7.7772,7.1318,54.66,64.42,66.50,66.54,45.66,53.78,55.60,54.74,0.070576
74,7.7383,8.6560,54.91,64.12,66.84,66.96,38.32,47.20,49.36,49.84,0.069857
75,7.7249,8.7242,54.76,64.58,66.82,66.92,37.68,47.72,51.50,50.86,0.069134
76,7.7001,7.8041,54.97,64.28,66.99,66.78,38.40,49.58,55.54,54.90,0.068406
77,7.7044,7.4154,54.97,64.50,67.08,66.95,41.50,54.06,55.94,55.52,0.067674
78,7.6922,7.5153,55.25,64.84,67.33,67.33,41.92,51.30,54.52,54.44,0.066937
79,7.5832,7.1596,55.44,65.08,67.97,67.86,44.02,53.66,58.32,58.00,0.066196
80,7.5565,7.8810,55.64,65.16,67.83,67.99,39.76,50.00,53.06,53.00,0.065451
81,7.5384,8.1778,55.69,65.41,68.05,68.23,33.76,49.30,54.08,53.26,0.064702
82,7.5236,8.6426,55.81,65.33,68.17,68.14,33.86,50.96,53.22,51.98,0.063950
83,7.5038,7.3548,55.92,65.51,68.03,68.19,40.38,56.06,55.62,54.76,0.063194
84,7.5012,8.0202,55.67,65.30,68.01,68.31,40.16,50.22,55.64,56.30,0.062434
85,7.4697,8.0834,55.74,65.53,68.56,68.79,42.54,51.84,54.70,54.92,0.061672
86,7.4028,7.8416,56.05,65.97,68.61,68.67,42.50,53.48,53.72,53.64,0.060907
87,7.4056,7.7214,55.97,65.41,68.64,68.68,40.70,50.14,55.46,56.98,0.060139
88,7.3574,9.1943,56.02,66.05,69.00,68.98,40.62,49.68,47.86,48.58,0.059369
89,7.3528,7.2799,56.11,66.34,68.93,68.99,44.06,54.42,56.72,56.52,0.058596
90,7.2996,7.4689,56.37,66.15,69.43,69.37,36.94,53.54,57.94,57.92,0.057822
91,7.2720,7.8649,56.26,66.38,69.32,69.66,41.88,52.02,52.72,53.34,0.057045
92,7.2201,7.8882,57.02,66.79,69.84,70.03,38.24,55.08,54.48,52.66,0.056267
93,7.2261,9.1592,56.87,66.40,69.83,69.72,35.38,46.82,50.38,49.88,0.055487
94,7.1468,7.1406,57.01,66.88,70.35,70.46,46.20,53.90,56.06,56.46,0.054705
95,7.1304,7.9335,57.12,66.98,70.09,70.27,37.52,52.92,57.32,57.42,0.053923
96,7.1147,7.8066,57.40,67.10,70.32,70.66,42.62,50.86,56.50,56.10,0.053140
97,7.0430,8.5028,57.42,67.48,70.83,71.05,37.32,50.64,55.64,55.06,0.052355
98,7.0108,9.1580,57.71,67.48,70.99,71.14,35.14,48.66,53.90,54.08,0.051571
99,7.0076,8.0853,57.36,67.72,70.81,71.10,41.26,51.26,56.50,56.46,0.050785
100,6.9888,8.1675,57.76,67.74,70.92,71.12,45.08,48.86,53.26,53.50,0.050000
101,6.9224,9.0923,57.86,67.88,71.54,71.71,32.52,52.24,52.50,53.30,0.049215
102,6.8916,8.8916,57.97,68.02,71.49,71.69,40.22,49.62,52.04,53.52,0.048429
103,6.8760,7.2945,58.14,67.98,71.50,71.87,38.46,56.26,60.50,60.18,0.047645
104,6.7789,7.5459,58.46,68.28,72.38,72.76,44.76,54.02,58.34,56.84,0.046860
105,6.7491,6.9539,58.51,69.04,72.46,72.55,43.72,56.66,58.90,59.26,0.046077
106,6.7094,6.9067,58.51,69.09,72.67,72.85,46.52,56.32,57.32,57.40,0.045295
107,6.6998,7.6470,58.77,69.04,72.88,73.12,39.72,53.48,56.76,57.40,0.044513
108,6.6104,6.9345,59.01,69.28,73.26,73.45,45.18,57.42,60.20,59.04,0.043733
109,6.6124,6.8321,59.05,69.25,73.16,73.41,46.64,55.88,57.78,58.36,0.042955
110,6.5388,7.9969,59.49,69.59,73.76,74.23,39.24,52.70,57.36,57.06,0.042178
111,6.5397,7.6588,59.00,69.78,73.83,74.04,44.80,52.78,55.44,55.08,0.041404
112,6.5057,7.5470,59.29,69.63,74.04,74.05,40.56,56.32,57.56,56.90,0.040631
113,6.4586,7.7058,59.90,69.97,73.89,74.20,39.66,53.60,59.92,59.42,0.039861
114,6.4349,7.5076,59.60,70.08,74.40,74.63,42.02,55.10,58.10,59.08,0.039093
115,6.3702,7.7347,59.87,70.47,75.04,74.78,42.68,54.18,55.10,55.74,0.038328
116,6.3167,7.6455,60.03,70.58,74.71,75.06,40.36,56.66,57.60,57.74,0.037566
117,6.2727,7.0426,60.28,71.01,75.15,75.37,45.26,58.72,58.22,58.00,0.036806
118,6.2120,7.3661,60.62,70.86,75.73,76.02,46.90,56.20,56.64,56.78,0.036050
119,6.2191,6.6092,60.52,71.04,75.54,75.73,48.12,56.98,61.92,62.04,0.035298
120,6.1197,7.0509,60.82,71.40,76.20,76.42,42.52,57.34,59.54,59.38,0.034549
121,3.7213,5.9241,64.20,74.27,78.49,78.35,54.20,61.42,62.58,62.74,0.033804
122,3.7197,5.9157,64.24,74.31,78.37,78.36,53.36,61.58,62.76,62.24,0.033063
123,3.7093,6.3593,64.00,74.25,78.58,78.75,49.92,60.16,61.88,61.34,0.032326
124,3.7040,5.9105,63.88,74.33,79.18,79.04,52.70,62.40,62.96,63.48,0.031594
125,3.7500,7.0270,63.20,74.02,78.79,78.78,46.34,55.80,59.50,59.32,0.030866
126,3.7456,7.0896,63.31,74.09,78.82,78.84,47.04,56.72,57.30,57.82,0.030143
127,3.7313,6.7738,63.06,74.10,79.06,79.22,43.76,62.06,62.28,62.28,0.029424
128,3.7561,6.1552,62.98,74.07,79.09,79.28,52.10,58.92,62.76,62.80,0.028711
129,3.7476,6.2944,62.74,73.81,79.03,79.14,50.94,61.30,62.14,61.78,0.028003
130,3.7165,8.2678,62.63,74.07,79.90,80.03,40.34,52.64,57.86,57.98,0.027300
131,3.7174,6.7363,62.76,73.88,79.87,80.03,49.34,60.70,61.92,62.12,0.026604
132,3.6985,6.3060,62.60,74.17,79.90,80.15,51.14,60.64,62.34,61.84,0.025912
133,3.6587,6.0423,62.70,74.09,80.52,80.66,50.96,62.86,63.44,63.42,0.025227
134,3.6603,6.3766,62.54,74.12,80.35,80.71,49.32,61.58,60.42,60.22,0.024548
135,3.6238,6.7852,62.41,74.56,80.74,81.02,49.78,59.00,59.26,59.26,0.023875
136,3.5645,6.1466,62.72,74.87,81.28,81.66,52.14,62.26,62.66,63.28,0.023209
137,3.5236,5.8817,62.92,75.22,81.82,81.94,51.48,63.48,64.44,64.90,0.022549
138,3.5418,6.3148,62.81,74.99,81.71,82.01,51.84,60.28,61.36,60.44,0.021896
139,3.4911,6.3517,62.93,75.27,82.28,82.49,47.16,61.90,62.50,62.62,0.021250
140,3.4574,6.2529,62.97,75.43,82.80,83.03,51.60,60.16,62.56,63.08,0.020611
141,3.4178,5.8659,63.06,75.65,83.04,83.40,52.56,64.42,65.42,65.56,0.019979
142,3.4109,6.0942,63.23,75.76,83.03,83.22,48.68,62.88,64.64,64.46,0.019355
143,3.3667,5.9634,63.46,76.20,83.48,83.60,54.64,63.48,63.32,63.92,0.018738
144,3.3318,6.4182,63.48,76.22,83.93,84.13,48.84,60.92,64.76,64.82,0.018129
145,3.3026,5.9826,63.47,76.46,84.20,84.50,53.50,61.82,63.38,62.96,0.017528
146,3.2599,5.7060,63.84,76.85,84.72,84.90,52.82,63.36,66.26,66.32,0.016934
147,3.2024,6.4725,63.74,77.01,85.33,85.60,48.78,63.16,63.14,63.08,0.016349
148,3.1625,5.7750,64.07,77.54,85.62,86.00,53.20,64.34,65.92,65.98,0.015773
149,3.1375,6.0451,64.11,77.60,86.01,86.29,49.46,64.08,66.38,66.20,0.015204
150,3.1002,5.6116,64.31,77.76,86.05,86.52,51.88,64.50,66.52,67.50,0.014645
151,3.0429,5.6843,64.60,78.10,87.11,87.39,53.98,64.46,66.40,66.64,0.014094
152,3.0413,5.6440,64.61,78.08,86.97,87.18,54.74,63.32,66.84,66.76,0.013552
153,2.9713,5.7209,64.93,78.73,87.71,87.89,55.04,65.22,66.22,66.38,0.013018
154,2.9538,6.1989,65.26,78.60,87.82,88.23,51.82,61.54,65.46,65.38,0.012494
155,2.8971,5.6993,65.15,79.06,88.61,88.82,54.82,64.46,65.88,65.66,0.011980
156,2.8566,5.7604,65.56,79.48,89.01,89.23,53.68,66.12,66.86,66.54,0.011474
157,2.8186,5.7553,65.55,79.57,89.28,89.53,54.78,65.90,65.48,65.42,0.010978
158,2.7610,5.9916,65.51,80.20,89.93,90.11,54.46,63.00,64.52,64.64,0.010492
159,2.7287,5.5022,65.91,80.60,90.50,90.54,57.94,66.96,67.84,68.06,0.010016
160,2.6877,5.4674,66.36,80.48,90.58,90.80,56.20,66.34,68.26,68.46,0.009549
161,2.6319,5.3356,66.50,80.88,91.33,91.59,56.84,67.38,69.14,69.14,0.009093
162,2.5936,5.2734,66.70,81.25,91.79,91.91,56.64,67.44,70.00,69.50,0.008646
163,2.5359,5.6214,66.72,81.59,92.36,92.50,53.58,66.60,67.62,67.82,0.008210
164,2.5093,5.2855,66.72,81.87,92.81,92.94,58.12,68.44,69.66,69.78,0.007784
165,2.4822,5.1407,67.06,82.24,92.82,93.09,59.02,68.74,69.76,69.40,0.007368
166,2.4436,5.4271,67.41,82.41,93.44,93.51,57.58,66.96,68.80,68.54,0.006963
167,2.3810,5.1926,67.63,82.88,94.14,94.24,58.60,68.20,69.78,69.84,0.006568
168,2.3424,5.0994,67.72,83.24,94.49,94.64,59.16,68.38,70.68,70.84,0.006185
169,2.2911,5.2136,68.23,83.72,95.13,95.25,58.40,68.88,70.46,70.54,0.005812
170,2.2650,5.0734,68.22,83.89,95.28,95.44,60.40,68.86,70.04,69.92,0.005450
171,2.2274,5.0023,68.47,84.30,95.65,95.77,60.22,69.54,70.96,70.64,0.005099
172,2.1902,5.1466,68.65,84.73,96.10,96.23,59.56,68.84,70.06,69.98,0.004759
173,2.1604,4.8873,69.04,84.86,96.37,96.42,60.14,70.68,70.94,70.94,0.004430
174,2.1310,5.1098,69.38,85.04,96.54,96.69,59.34,69.34,71.00,70.82,0.004112
175,2.1061,5.0151,69.10,85.46,96.86,97.02,60.96,70.26,71.16,70.70,0.003806
176,2.0703,4.9955,69.51,85.76,97.26,97.41,61.04,69.92,71.36,71.32,0.003511
177,2.0364,4.8821,69.72,86.17,97.48,97.61,61.76,70.62,72.12,72.22,0.003228
178,2.0080,4.8831,69.64,86.59,97.76,97.86,61.76,70.32,72.34,72.32,0.002956
179,1.9901,4.8903,70.00,86.60,97.87,97.90,61.66,70.54,71.48,71.50,0.002696
180,1.9648,4.8873,70.22,86.92,98.04,98.17,61.14,71.04,72.50,72.06,0.002447
181,1.9378,4.8255,70.34,87.27,98.25,98.36,61.74,70.90,72.20,72.10,0.002210
182,1.9168,4.8487,70.49,87.70,98.41,98.44,62.48,71.24,72.06,71.98,0.001985
183,1.9027,4.8494,70.85,87.74,98.57,98.61,62.84,70.78,71.80,71.96,0.001772
184,1.8811,4.8017,70.81,88.02,98.65,98.78,63.22,71.72,72.72,72.38,0.001571
185,1.8698,4.7917,70.92,88.19,98.73,98.85,63.54,71.48,72.84,72.48,0.001382
186,1.8571,4.7564,71.17,88.32,98.82,98.85,63.26,71.34,72.72,72.30,0.001204
187,1.8375,4.7725,71.37,88.46,98.95,99.03,63.64,71.50,72.38,72.42,0.001039
188,1.8206,4.7681,71.39,88.72,99.07,99.12,63.44,71.88,72.50,72.08,0.000886
189,1.8156,4.7738,71.48,88.88,98.99,99.14,63.76,71.66,72.04,71.86,0.000745
190,1.8081,4.7608,71.57,88.91,99.06,99.21,63.42,71.74,72.22,72.12,0.000616
191,1.7963,4.7538,71.50,88.96,99.16,99.27,64.18,71.92,72.50,72.30,0.000499
192,1.7856,4.7244,71.95,89.32,99.17,99.24,63.86,72.10,72.50,72.54,0.000394
193,1.7772,4.7328,71.92,89.29,99.24,99.31,63.86,72.14,72.94,72.48,0.000302
194,1.7720,4.7383,71.98,89.40,99.26,99.36,63.68,71.76,72.80,72.44,0.000222
195,1.7665,4.7444,72.01,89.60,99.27,99.38,63.56,71.74,72.78,72.34,0.000154
196,1.7672,4.7425,71.90,89.51,99.28,99.36,63.76,72.04,72.52,72.32,0.000099
197,1.7581,4.7650,72.13,89.59,99.26,99.39,63.98,71.74,72.52,72.22,0.000056
198,1.7543,4.7404,72.28,89.70,99.30,99.34,63.80,72.04,72.76,72.44,0.000025
199,1.7571,4.7451,72.13,89.54,99.34,99.43,63.92,72.14,72.70,72.60,0.000006
200,1.7594,4.7341,72.22,89.52,99.25,99.39,63.94,71.78,72.90,72.44,0.000000
